idcar_200m,idcar_1km,idcar_nat,i_est_200,i_est_1km,lcog_geo,ind,men,men_pauv,men_1ind,men_5ind,men_prop,men_fmp,ind_snv,men_surf,men_coll,men_mais,log_av45,log_45_70,log_70_90,log_ap90,log_inc,log_soc,ind_0_3,ind_4_5,ind_6_10,ind_11_17,ind_18_24,ind_25_39,ind_40_54,ind_55_64,ind_65_79,ind_80p,ind_inc
WSG84;48.90309875171406;2.3563560622067268,CRS3035RES1000mN2894000E3761000,CRS3035RES1000mN2894000E3761000,0,0,93066,200.5,93,60,36,6,13,15,2375480.5,3007,92,1,88,0,0,2,3,0,8,9,14.5,12,11,63,47,17,16,3,0
WSG84;48.90328513637268;2.35907132247756,CRS3035RES1000mN2894000E3761000,CRS3035RES1000mN2894000E3761000,1,0,93066,52,19.8,9.9,9.1,4.1,6.6,1.7,796403,751.1,19.8,0,16.5,0,0,3.3,0,0,1.6,3.3,4.9,5.8,3.3,11.6,14.9,3.3,3.3,0,0
WSG84;48.904886614246486;2.356079040384507,CRS3035RES1000mN2894000E3761000,CRS3035RES1000mN2894000E3761000,0,0,93066,176.5,71,46,32,7,15,10,2021016.3,2328,69,2,71,0,0,0,0,2,18,7.5,18.5,19.5,7,45,35,13,12,1,0
WSG84;48.90507300665767;2.358794397248354,CRS3035RES1000mN2894000E3761000,CRS3035RES1000mN2894000E3761000,0,0,93066,550.5,190,49,58,35,61,24,9877873.2,10973,189,1,79,0,0,111,0,44,29,16.5,57,66.5,37.5,130,137,50,26,1,0
WSG84;48.905259333104866;2.36150977274087,CRS3035RES1000mN2894000E3762000,CRS3035RES1000mN2894000E3762000,0,0,93066,579,275,73,131,16,93,27,13393347.3,13993,274,1,0,0,0,258,17,81,39.5,25.5,37.5,27.5,62,240,99,22,21,5,0
WSG84;48.905445593587324;2.36422516685574,CRS3035RES1000mN2894000E3762000,CRS3035RES1000mN2894000E3762000,0,0,9306693001,594,208,26,60,31,56,18,14096954.9,13980,208,0,0,0,0,208,0,24,54,25.5,48.5,58,41,199,130,24,13,1,0
WSG84;48.9066744745448;2.3558019933091305,CRS3035RES1000mN2895000E3761000,CRS3035RES1000mN2895000E3761000,0,0,93066,337,147,43,58,12,68,18,7459929.4,7380,127,20,84,0,0,62,1,18,17,8.5,28.5,22,16,100,84,32,14,15,0
WSG84;48.90686087470928;2.3585174467745875,CRS3035RES1000mN2895000E3761000,CRS3035RES1000mN2895000E3761000,0,0,93066,1323.5,464,126,136,81,125,66,25726359.2,28301,457,7,70,1,1,392,0,186,88.5,50.5,115.5,168,80,358,267,102,87,7,0
WSG84;48.907047208907095;2.3612329188713024,CRS3035RES1000mN2895000E3762000,CRS3035RES1000mN2895000E3762000,0,0,93066,642.5,258,48,78,15,127,19,15311474.9,15484,251,7,33,0,0,225,0,0,54,23,42,43.5,18,247,133,54,24,4,0
WSG84;48.90723347713752;2.3639484095929513,CRS3035RES1000mN2895000E3762000,CRS3035RES1000mN2895000E3762000,0,0,9306693001,788.5,309,60,90,40,103,47,18024151.2,19868,309,0,0,0,0,309,0,0,78,26,75.5,68,32,272,171,41,22,3,0
WSG84;48.90846233260929;2.3555249209773192,CRS3035RES1000mN2895000E3761000,CRS3035RES1000mN2895000E3761000,0,0,93066,74,36,15,14,0,10,4,1271301.8,1179,36,0,22,0,0,14,0,14,2,1,2,4,3,16,16,10,17,3,0
WSG84;48.908648740527816;2.3582404710529796,CRS3035RES1000mN2895000E3761000,CRS3035RES1000mN2895000E3761000,0,0,93066,447.5,144,42,38,31,3,24,7183841.4,8354,144,0,50,0,0,91,3,128,28.5,11.5,34.5,63,45,84,87,55,28,4,7
WSG84;48.90883508247699;2.3609560397624896,CRS3035RES1000mN2895000E3762000,CRS3035RES1000mN2895000E3762000,0,0,93066,452.5,132,38,26,35,23,29,7782219.5,9008,132,0,0,0,0,132,0,91,27.5,19,50,72,36,97,100,27,21,2,1
WSG84;48.91025018844034;2.3552478233857936,CRS3035RES1000mN2895000E3761000,CRS3035RES1000mN2895000E3761000,0,0,93066,737,324,92,123,27,47,40,14811130,16463,322,2,142,0,11,170,1,0,64,25.5,54.5,37,39,264,163,46,36,6,2
WSG84;48.910436604113606;2.3579634700802616,CRS3035RES1000mN2895000E3761000,CRS3035RES1000mN2895000E3761000,0,0,93066,1476,498,126,133,92,147,85,27714945.1,29510,498,0,65,0,0,433,0,249,98,65,137.5,188.5,106,319,367,112,73,10,0
WSG84;48.910622953814844;2.360679135411161,CRS3035RES1000mN2895000E3762000,CRS3035RES1000mN2895000E3762000,0,0,93066,155,62,12,20,6,27,9,3727554.2,4129,49,13,0,0,0,62,0,0,18,4,14.5,12.5,13,49,32,8,4,0,0
WSG84;48.91080923754337;2.363394819372165,CRS3035RES1000mN2895000E3762000,CRS3035RES1000mN2895000E3762000,1,0,9306693001,1,0.6,0.3,0.3,0,0.2,0,15515.2,19,0.5,0.1,0.6,0,0,0,0,0,0,0,0.1,0.1,0,0.2,0.3,0.2,0.1,0,0
WSG84;48.91203804203819;2.3549707005312763,CRS3035RES1000mN2895000E3761000,CRS3035RES1000mN2895000E3761000,0,0,93066,271.5,129,74,74,11,19,15,4178101.8,4248,119,10,15,94,0,20,0,93,15,8,28.5,24,19,52,69,33,14,1,8
WSG84;48.91222446546694;2.3576864438531473,CRS3035RES1000mN2895000E3761000,CRS3035RES1000mN2895000E3761000,0,0,93066,733,218,39,42,51,103,23,15415325,15356,216,2,10,0,0,208,0,52,43,25.5,91.5,82.5,43.5,184,189,45,20,2,7
WSG84;48.912410822921;2.360402205814039,CRS3035RES1000mN2895000E3762000,CRS3035RES1000mN2895000E3762000,0,0,93066,537,182,37,44,28,91,23,12281371.7,11727,181,1,0,0,0,182,0,41,45,24,50.5,51,35.5,173,117,32,6,2,1
WSG84;48.91259711439964;2.36311798640762,CRS3035RES1000mN2895000E3762000,CRS3035RES1000mN2895000E3762000,0,0,93066,377,188,58,103,16,0,19,6237206.2,7354,188,0,0,0,0,188,0,188,39,13,23,22,48,163,38,18,10,3,0
WSG84;48.912783339902134;2.365833785627563,CRS3035RES1000mN2895000E3762000,CRS3035RES1000mN2895000E3762000,0,0,9300193066,1389,347,135,65,113,102,49,19925720.2,20218,347,0,0,0,0,346,1,194,81,46.5,122,188.5,87,241,283,99,62,10,169
WSG84;48.913452833104124;2.349261928444867,CRS3035RES1000mN2895000E3761000,CRS3035RES1000mN2895000E3761000,1,0,93066,29,9.1,4.1,0.8,0.8,0,1.7,440450.5,389.4,8.3,0.8,9.1,0,0,0,0,0,0.8,1.7,4.1,2.5,3.3,7.5,6.6,0.8,1.7,0,0
WSG84;48.913639396241614;2.351977731100545,CRS3035RES1000mN2895000E3761000,CRS3035RES1000mN2895000E3761000,0,0,93066,807,259,45,62,57,113,21,17600388.7,17117,244,15,0,0,0,259,0,65,68.5,36,91,74.5,49,237,184,47,16,1,3
WSG84;48.9138258934032;2.3546935524104855,CRS3035RES1000mN2895000E3761000,CRS3035RES1000mN2895000E3761000,0,0,93066,1053.5,369,106,100,63,91,55,19522776.5,22042,366,3,136,0,0,216,17,154,80.5,28.5,81,111.5,65,298,215,92,56,17,9
WSG84;48.91401232458815;2.357409392368364,CRS3035RES1000mN2895000E3761000,CRS3035RES1000mN2895000E3761000,0,0,93066,480.5,206,73,76,20,47,25,8428544.2,9606,205,1,115,0,1,90,0,27,33,19,28.5,33,30,177,93,31,28,8,0
WSG84;48.914384989025244;2.362841128202605,CRS3035RES1000mN2895000E3762000,CRS3035RES1000mN2895000E3762000,0,0,93066,499,176,35,57,30,83,19,10698894,11162,160,16,34,0,0,141,1,51,64,23,34,45,27,183,83,18,20,2,0
WSG84;48.914571222275924;2.3655570240663115,CRS3035RES1000mN2895000E3762000,CRS3035RES1000mN2895000E3762000,0,0,9300193066,209.5,85,36,36,12,23,9,3255255.5,3812,76,9,43,2,0,39,1,11,16.5,14,15,9,14,81,27,16,14,3,0
WSG84;48.91486732698235;2.343552819178739,CRS3035RES1000mN2896000E3760000,CRS3035RES1000mN2896000E3760000,0,0,93066,35,13,2,3,1,8,0,636100.2,860,0,13,11,0,1,1,0,0,2,0,1,0,1,11,7,4,5,4,0
WSG84;48.91505402983709;2.346268681141153,CRS3035RES1000mN2896000E3761000,CRS3035RES1000mN2896000E3761000,1,0,93066,2,0.8,0.2,0.2,0.1,0.4,0,40434.5,36.2,0.5,0.3,0.7,0,0,0.1,0,0,0,0,0,0.1,0.3,0.3,0.5,0.5,0.3,0,0
WSG84;48.91542723761447;2.351700461068182,CRS3035RES1000mN2896000E3761000,CRS3035RES1000mN2896000E3761000,0,0,93066,896.5,350,72,106,37,102,44,20687002.4,22307,350,0,0,0,0,350,0,71,83.5,35,77.5,84.5,44,307,179,60,24,2,0
WSG84;48.91561374253566;2.354416379020141,CRS3035RES1000mN2896000E3761000,CRS3035RES1000mN2896000E3761000,0,0,93066,633,252,81,91,33,68,35,11839427.1,12291,244,8,140,5,1,106,0,21,46.5,16.5,48.5,57.5,36,186,134,52,39,16,1
WSG84;48.91580018147755;2.357132315622622,CRS3035RES1000mN2896000E3761000,CRS3035RES1000mN2896000E3761000,0,0,93066,786,305,113,105,40,46,51,13310164.1,15201,280,25,184,0,0,120,1,141,63,25,60.5,77.5,47,215,174,64,42,18,0
WSG84;48.91617286142049;2.362564244753841,CRS3035RES1000mN2896000E3762000,CRS3035RES1000mN2896000E3762000,0,0,93066,1027.5,343,84,85,61,111,54,20979167.5,21475,314,29,38,0,0,303,2,125,76,30,76,141.5,67,266,225,80,44,13,9
WSG84;48.91635910242009;2.3652802372699178,CRS3035RES1000mN2896000E3762000,CRS3035RES1000mN2896000E3762000,0,0,9300193066,468.5,135,52,35,35,8,28,6950301.4,9009,125,10,31,1,52,49,2,94,27,22,57,64,22.5,97,93,42,27,1,16
WSG84;48.91646836622308;2.340559294001797,CRS3035RES1000mN2896000E3760000,CRS3035RES1000mN2896000E3760000,0,0,93066,108,49,13,19,3,20,5,2135451.5,2304,36,13,24,24,1,0,0,0,7,2,5.5,6.5,10,30,17,11,11,8,0
WSG84;48.91665514282522;2.343275233928627,CRS3035RES1000mN2896000E3760000,CRS3035RES1000mN2896000E3760000,1,0,93066,31,12.2,6.7,6.1,2.4,3,0,545913.2,514.2,11,1.2,11.6,0,0,0.6,0,0,0,1.2,2.4,3,7.3,6.1,4.3,3,3.7,0,0
WSG84;48.91814698033492;2.3650034252351007,CRS3035RES1000mN2896000E3762000,CRS3035RES1000mN2896000E3762000,1,0,9306693001,3,1,0.3,0.2,0.2,0,0.1,52470.1,58.5,0.9,0.1,0.1,0,0,0.9,0,0.9,0.3,0,0.3,0.4,0.2,0.7,0.5,0.2,0.3,0.1,0
WSG84;48.91825617205936;2.3402815867923015,CRS3035RES1000mN2896000E3760000,CRS3035RES1000mN2896000E3760000,0,0,93066,1166,439,127,144,63,101,66,21811482.4,23465,426,13,13,0,163,263,0,166,65.5,45,107,110.5,95,278,264,113,63,8,17
WSG84;48.918442956433246;2.3429976233679852,CRS3035RES1000mN2896000E3760000,CRS3035RES1000mN2896000E3760000,0,0,93066,566,196,56,57,32,39,34,10309622.1,10741,193,3,68,0,0,127,1,36,41,23,55.5,47,40.5,168,117,45,25,4,0
WSG84;48.919748599521164;2.3620104021119612,CRS3035RES1000mN2896000E3762000,CRS3035RES1000mN2896000E3762000,1,0,93066,6,2,0.5,0.5,0.4,0.1,0.2,104940.2,116.9,1.8,0.2,0.2,0,0,1.8,0,1.7,0.5,0.1,0.7,0.7,0.4,1.5,1.1,0.3,0.6,0.1,0
WSG84;48.920043975660384;2.3400038542603934,CRS3035RES1000mN2896000E3760000,CRS3035RES1000mN2896000E3760000,0,0,93066,140.5,61,7,22,6,29,10,3748756.9,3829,61,0,0,0,0,61,0,0,10,4,9.5,9,9,48,30,11,7,3,0
WSG84;48.92023076780678;2.3427199874935334,CRS3035RES1000mN2896000E3760000,CRS3035RES1000mN2896000E3760000,0,0,93066,92,57,22,41,3,15,4,1787908.4,2160,53,4,20,0,0,37,0,0,2,3,2,2,21,35,12,8,5,2,0
WSG84;48.920417493968756;2.345436139410291,CRS3035RES1000mN2896000E3761000,CRS3035RES1000mN2896000E3761000,1,0,93066,44,17.1,5.4,5.4,2.7,8.1,0,889558.9,795.6,10.8,6.3,16.2,0,0,0.9,0,0,0,0,0.9,2.7,7.2,6.3,10.7,9.9,6.3,0,0
WSG84;48.92190892773833;2.3671660265948664,CRS3035RES1000mN2896000E3762000,CRS3035RES1000mN2896000E3762000,0,0,9300193066,456,157,60,39,26,29,30,7417900.5,9571,139,18,42,1,70,38,6,70,34,11,38,44,30,118,84,41,43,9,4
WSG84;48.92183177702651;2.3397260964027797,CRS3035RES1000mN2896000E3760000,CRS3035RES1000mN2896000E3760000,0,0,93066,746.5,288,44,83,33,88,46,17237574.4,18928,288,0,0,0,0,288,0,74,64.5,33.5,51,69,49.5,271,149,39,17,3,0
WSG84;48.92201857694611;2.3424423263019802,CRS3035RES1000mN2896000E3760000,CRS3035RES1000mN2896000E3760000,0,0,93066,118.5,49,5,17,5,33,2,3465373.5,3439,31,18,16,1,1,31,0,0,7.5,5,8,6,6,35,27,10,10,4,0
WSG84;48.922205310878624;2.3451585748873947,CRS3035RES1000mN2896000E3761000,CRS3035RES1000mN2896000E3761000,1,0,93066,3,1.2,0.4,0.4,0.2,0.6,0,60651.7,54.2,0.8,0.4,1.1,0,0,0.1,0,0,0,0,0.1,0.2,0.5,0.4,0.7,0.7,0.4,0,0
WSG84;48.92332432870415;2.3614564584557445,CRS3035RES1000mN2896000E3762000,CRS3035RES1000mN2896000E3762000,0,0,93066,634,222,54,78,44,57,36,11339777.3,13256,222,0,0,0,0,222,0,124,36,24.5,64,88.5,50,141,141,48,36,3,2
WSG84;48.92351060070665;2.364172837667344,CRS3035RES1000mN2896000E3762000,CRS3035RES1000mN2896000E3762000,0,0,93066,405,169,38,60,17,83,24,8991157.3,9702,169,0,0,0,0,169,0,0,37.5,23,21.5,33,23,138,82,26,17,3,1
WSG84;48.92369680671624;2.366889235514491,CRS3035RES1000mN2896000E3762000,CRS3035RES1000mN2896000E3762000,0,0,9306693001,2405,783,317,233,160,78,143,35513008.7,51748,777,6,24,0,758,0,1,640,182.5,106,201,287.5,170,465,465,221,210,65,32
WSG84;48.92406902075374;2.3723220870901116,CRS3035RES1000mN2896000E3763000,CRS3035RES1000mN2896000E3763000,0,0,93066,1590.5,483,153,124,114,4,91,24838713.3,33172,480,3,10,1,468,4,0,470,99,62,150.5,210,112,278,333,161,128,28,29
WSG84;48.92361957615802;2.3394483132161716,CRS3035RES1000mN2897000E3760000,CRS3035RES1000mN2897000E3760000,0,0,93066,168.5,56,13,15,11,4,13,3232882,3659,56,0,0,0,0,56,0,34,15,8,25.5,21,13,41,34,7,2,2,0
WSG84;48.92380638385154;2.3421646397900364,CRS3035RES1000mN2897000E3760000,CRS3035RES1000mN2897000E3760000,1,0,93066,19,6.4,1.9,1.5,1.4,2.8,0.4,397981.7,507.1,2.9,3.5,2.4,0.8,1.9,1,0.3,1,1.5,0.5,1.3,2.7,0.9,3.9,5.1,0.6,1.7,0.8,0
WSG84;48.92399312555533;2.3448809850527086,CRS3035RES1000mN2897000E3761000,CRS3035RES1000mN2897000E3761000,0,0,93066,431.5,147,60,52,33,40,12,7031045.2,8149,108,39,86,1,1,55,4,44,26,19,46.5,35,19,103,94,35,43,11,0
WSG84;48.9247394324583;2.3557465528648183,CRS3035RES1000mN2897000E3761000,CRS3035RES1000mN2897000E3761000,0,0,93066,277.5,143,44,69,6,0,28,4641800.1,5878,143,0,142,0,0,0,1,142,8,4,17,18.5,11,37,75,39,51,10,7
WSG84;48.925298469707336;2.363895924646056,CRS3035RES1000mN2897000E3762000,CRS3035RES1000mN2897000E3762000,0,0,93066,241,98,20,38,9,48,9,5206658.4,5285,86,12,39,0,1,58,0,6,26,7,12,17,16,73,47,19,20,4,0
WSG84;48.925484683466806;2.366612419191195,CRS3035RES1000mN2897000E3762000,CRS3035RES1000mN2897000E3762000,0,0,93066,652,188,75,47,50,5,40,9137798.5,12254,186,2,16,0,171,1,0,171,48,21,61,96,50,131,111,54,52,9,19
WSG84;48.92567083122994;2.3693289323681364,CRS3035RES1000mN2897000E3762000,CRS3035RES1000mN2897000E3762000,0,0,93066,1481.5,411,167,96,110,0,67,21356931,30509,411,0,0,0,410,1,0,411,103,51,161,202.5,104,255,291,150,112,22,30
WSG84;48.925856912996025;2.372045464170546,CRS3035RES1000mN2897000E3763000,CRS3035RES1000mN2897000E3763000,0,0,93066,93,26,7,6,7,0,7,1609081.8,1867,26,0,0,0,26,0,0,26,11,2,8,12,6,16,17,14,3,4,0
WSG84;48.92604292876432;2.37476201459209,CRS3035RES1000mN2897000E3763000,CRS3035RES1000mN2897000E3763000,0,0,9302793066,717.5,189,72,38,62,1,31,10675134.3,12994,188,1,1,86,0,102,0,184,55,35,66,103,39.5,131,123,61,61,17,26
WSG84;48.92540737305521;2.33917050469728,CRS3035RES1000mN2897000E3760000,CRS3035RES1000mN2897000E3760000,0,0,93066,235,95,19,31,8,12,15,5254017.9,5903,59,36,34,0,0,61,0,0,28,12.5,29.5,8,13,76,52,8,6,2,0
WSG84;48.925594188523405;2.3418869279544143,CRS3035RES1000mN2897000E3760000,CRS3035RES1000mN2897000E3760000,0,0,93066,376,148,67,60,22,23,29,5273296.3,5936,138,10,137,9,0,1,1,65,19,14,30,41,22,91,87,42,22,8,0
WSG84;48.92578093799919;2.3446033699029547,CRS3035RES1000mN2897000E3761000,CRS3035RES1000mN2897000E3761000,0,0,93066,67.5,29,15,9,3,12,3,987321.8,1281,20,9,28,0,0,1,0,0,2.5,0,1.5,5.5,4,18,16,13,4,3,0
WSG84;48.92634079046464;2.3527528078336486,CRS3035RES1000mN2897000E3761000,CRS3035RES1000mN2897000E3761000,1,0,93066,22,9.9,4.4,2.8,0.6,2.2,1.7,351752.9,435,9.4,0.5,8.8,0,0.5,0.6,0,0,0.5,0.5,2.2,0.5,1.1,6.1,5.5,3.9,1.1,0.6,0
WSG84;48.9265272759634;2.35546932448446,CRS3035RES1000mN2897000E3761000,CRS3035RES1000mN2897000E3761000,1,0,93066,2,0.9,0.4,0.2,0,0.2,0.2,31977.5,39.6,0.8,0.1,0.8,0,0,0.1,0,0,0,0,0.2,0,0.1,0.6,0.5,0.4,0.1,0.1,0
WSG84;48.92671369546609;2.3581858597950056,CRS3035RES1000mN2897000E3762000,CRS3035RES1000mN2897000E3762000,0,0,93066,71,26,11,7,3,5,5,1020726.2,1227,23,3,25,0,0,1,0,2,4,5,11,3,3,16,20,3,4,2,0
WSG84;48.92690004897195;2.360902413758951,CRS3035RES1000mN2897000E3762000,CRS3035RES1000mN2897000E3762000,0,0,93066,856,342,126,124,40,81,52,14134744.9,14988,326,16,205,0,77,51,9,57,61.5,29,64,67.5,57,234,196,63,72,12,0
WSG84;48.92708633648028;2.3636189863699535,CRS3035RES1000mN2897000E3762000,CRS3035RES1000mN2897000E3762000,0,0,93066,436.5,171,61,61,23,77,15,7777960.8,8249,102,69,145,14,5,6,1,0,17,14,29.5,38.5,16,116.5,77,55,59,14,0
WSG84;48.92727255799033;2.36633557762169,CRS3035RES1000mN2897000E3762000,CRS3035RES1000mN2897000E3762000,0,0,93066,532,173,34,40,33,86,28,11325410.7,11774,130,43,42,3,0,128,0,28,51.5,27,59.5,54,23,153,103,34,21,6,0
WSG84;48.92745871350139;2.369052187507816,CRS3035RES1000mN2897000E3762000,CRS3035RES1000mN2897000E3762000,1,0,93066,13,4.4,1,1.7,1.4,1,0.7,291754.1,368.1,3.4,1,1,0,2.7,0.7,0,0,1.4,0,0.3,2,2.1,1.7,3.1,1.4,0.7,0.3,0
WSG84;48.92783082652359;2.374485463157895,CRS3035RES1000mN2897000E3763000,CRS3035RES1000mN2897000E3763000,0,0,9306693027,503,136,41,28,42,0,20,7926607.8,10454,136,0,0,32,0,104,0,102,31.5,25.5,63.5,74.5,38,92,93,42,34,6,3
WSG84;48.927942064719296;2.3497588627775188,CRS3035RES1000mN2897000E3761000,CRS3035RES1000mN2897000E3761000,0,0,93066,41,22,8,9,0,12,4,797395.9,765,19,3,15,1,0,6,0,0,1,2,2,0,3,9,9,7,6,2,0
WSG84;48.92812862397811;2.3524754574645197,CRS3035RES1000mN2897000E3761000,CRS3035RES1000mN2897000E3761000,0,0,93066,264,117,51,44,10,51,15,4526189.9,5150,101,16,106,1,0,9,1,3,6,6,23,18.5,19.5,66,62,29,30,4,0
WSG84;48.92831511723889;2.3551920708201792,CRS3035RES1000mN2897000E3761000,CRS3035RES1000mN2897000E3761000,1,0,93066,12,5.4,2.4,1.5,0.3,1.2,0.9,191865.2,237.3,5.1,0.3,4.8,0,0.3,0.3,0,0,0.3,0.3,1.2,0.3,0.6,3.3,3,2.1,0.6,0.3,0
WSG84;48.92850154450092;2.357908702838163,CRS3035RES1000mN2897000E3762000,CRS3035RES1000mN2897000E3762000,0,0,93066,143.5,57,13,21,7,33,5,3166013.9,3213,57,0,0,0,0,57,0,10,13,5,15,13.5,9,55,25,6,2,0,0
WSG84;48.92868790576345;2.3606253535121353,CRS3035RES1000mN2897000E3762000,CRS3035RES1000mN2897000E3762000,0,0,93066,238,87,39,30,15,24,11,3410977.7,3401,76,11,82,0,4,1,0,0,16,6,12,19,9,75,39,34,22,4,2
WSG84;48.92887420102578;2.363342022835758,CRS3035RES1000mN2897000E3762000,CRS3035RES1000mN2897000E3762000,0,0,93066,1067,415,158,167,63,76,74,16714353.9,20805,370,45,115,10,1,289,0,238,75.5,28.5,91.5,98.5,116,252,212,101,66,25,1
WSG84;48.92906043028716;2.366058710802704,CRS3035RES1000mN2897000E3762000,CRS3035RES1000mN2897000E3762000,1,0,93066,9,3.1,0.7,1.2,0.9,0.7,0.5,201983.6,254.8,2.4,0.7,0.7,0,1.9,0.5,0,0,1,0,0.2,1.4,1.4,1.2,2.1,1,0.5,0.2,0
WSG84;48.92961872205833;2.374208886500051,CRS3035RES1000mN2897000E3763000,CRS3035RES1000mN2897000E3763000,1,0,9306693027,1,0.3,0.1,0.1,0.1,0.2,0.1,17922.1,20.9,0.1,0.2,0.2,0,0,0.1,0,0,0.1,0,0.1,0.1,0.1,0.2,0.2,0.1,0.1,0,0
WSG84;48.929543255213076;2.3467647176814297,CRS3035RES1000mN2897000E3761000,CRS3035RES1000mN2897000E3761000,1,0,93066,4,1.8,0.8,0.5,0.1,0.4,0.3,63955.1,79.1,1.7,0.1,1.6,0,0.1,0.1,0,0,0.1,0.1,0.4,0.1,0.2,1.1,1,0.7,0.2,0.1,0
WSG84;48.92972988823728;2.3494813904017064,CRS3035RES1000mN2897000E3761000,CRS3035RES1000mN2897000E3761000,0,0,93066,199,86,31,35,8,16,15,3413082.3,4055,85,1,68,0,0,18,0,42,15,5,8,20,16,52,36,27,14,6,0
WSG84;48.92991645526153;2.35219808179957,CRS3035RES1000mN2897000E3761000,CRS3035RES1000mN2897000E3761000,0,0,93066,1243.5,554,174,236,48,142,76,22923522.8,26090,541,13,328,95,15,114,2,45,79,29,64.5,85.5,82.5,375,252,129,105,27,15
WSG84;48.93010295628506;2.354914791868688,CRS3035RES1000mN2897000E3761000,CRS3035RES1000mN2897000E3761000,0,0,93066,1157.5,474,150,182,53,155,61,21555251,24780,470,4,300,0,0,174,0,62,84.5,36,91,95,68,354,237,92,76,24,0
WSG84;48.93028939130716;2.35763152060272,CRS3035RES1000mN2897000E3762000,CRS3035RES1000mN2897000E3762000,0,0,93066,1268.5,445,204,170,87,100,44,18297624.3,16749,415,30,134,33,7,271,0,211,98.5,39,128,183.5,55.5,239,240,133,98,16,38
WSG84;48.93047576032711;2.3603482679953314,CRS3035RES1000mN2897000E3762000,CRS3035RES1000mN2897000E3762000,1,0,93066,16,5.5,1.3,2.1,1.7,1.3,0.8,359081.9,453.1,4.2,1.3,1.3,0,3.4,0.8,0,0,1.7,0,0.4,2.5,2.5,2.1,3.8,1.7,0.9,0.4,0
WSG84;48.93066206334416;2.363065034040186,CRS3035RES1000mN2897000E3762000,CRS3035RES1000mN2897000E3762000,0,0,93066,424.5,160,58,50,19,74,20,7066934.9,8591,123,37,105,1,5,49,0,0,21,13,30,42,20.5,118,96,36,36,5,7
WSG84;48.93084830035758;2.365781818730946,CRS3035RES1000mN2897000E3762000,CRS3035RES1000mN2897000E3762000,0,0,93066,905.5,282,117,66,67,32,60,13558040.8,17531,245,37,68,8,2,201,3,203,49.5,24.5,84,121.5,66,158,159,102,100,24,17
WSG84;48.93140661536884;2.373932284615284,CRS3035RES1000mN2897000E3763000,CRS3035RES1000mN2897000E3763000,1,0,93066,6,1.8,0.8,0.4,0.4,1,0.4,107532.9,125.6,0.8,1,1,0.1,0.1,0.6,0,0.2,0.2,0.1,0.5,0.7,0.7,1.2,1.3,0.6,0.6,0.1,0
WSG84;48.93159258836048;2.376649143826289,CRS3035RES1000mN2897000E3763000,CRS3035RES1000mN2897000E3763000,1,0,9306693027,71.5,21.7,9.2,4.2,4.2,11.7,4.2,1281433.3,1496.9,9.2,12.5,11.7,1.6,1.7,6.7,0,2.5,2.5,0.8,6.7,7.9,8.4,14.2,15.9,6.7,6.7,1.7,0
WSG84;48.930957589140704;2.3410536404725972,CRS3035RES1000mN2897000E3760000,CRS3035RES1000mN2897000E3760000,0,0,9306693039,873,241,166,63,71,0,20,8673979.7,3904,241,0,0,4,0,237,0,195,30,13,74,148,34,67,121,127,105,10,144
WSG84;48.93114436193684;2.3437703725303787,CRS3035RES1000mN2897000E3761000,CRS3035RES1000mN2897000E3761000,0,0,93066,36,16,12,6,2,0,5,357440,753,16,0,0,0,0,16,0,16,2,4,4,3,3,5,12,3,0,0,0
WSG84;48.93133106873181;2.34648712328102,CRS3035RES1000mN2897000E3761000,CRS3035RES1000mN2897000E3761000,0,0,93066,24,12,2,7,1,0,2,382261.6,452,12,0,5,0,1,6,0,0,1,1,1,1,3,5,4,8,0,0,0
WSG84;48.93151770952483;2.349203892718176,CRS3035RES1000mN2897000E3761000,CRS3035RES1000mN2897000E3761000,0,0,93066,1069,479,147,211,38,169,52,20401225.3,23196,463,16,301,13,0,154,11,6,76.5,39,76.5,68,54,361,217,90,72,13,2
WSG84;48.93170428431522;2.3519206808355126,CRS3035RES1000mN2897000E3761000,CRS3035RES1000mN2897000E3761000,0,0,93066,309,167,56,89,5,54,23,5720556.3,7234,163,4,155,0,0,12,0,3,18,11.5,20,8.5,18,109,64,26,25,9,0
WSG84;48.93189079310225;2.3546374876266984,CRS3035RES1000mN2897000E3761000,CRS3035RES1000mN2897000E3761000,0,0,93066,710.5,341,99,145,21,112,41,14369349.1,16005,333,8,278,11,6,43,3,4,46,8.5,45.5,37.5,39,250,149,52,59,24,0
WSG84;48.93207723588514;2.3573543130853913,CRS3035RES1000mN2897000E3762000,CRS3035RES1000mN2897000E3762000,0,0,93066,453.5,222,59,108,13,99,29,9079600.8,10422,210,12,157,0,30,35,0,0,26,17,27,21.5,19,141,101,42,47,12,0
WSG84;48.932263612663206;2.3600711572052577,CRS3035RES1000mN2897000E3762000,CRS3035RES1000mN2897000E3762000,0,0,93066,40,20,1,12,2,0,0,980795.2,1324,20,0,17,0,0,3,0,0,1,0,1,6,2,5,17,8,0,0,0
WSG84;48.932636168201924;2.3655049014031486,CRS3035RES1000mN2897000E3762000,CRS3035RES1000mN2897000E3762000,0,0,93066,527.5,201,82,84,33,45,30,8219456.6,10119,186,15,43,72,24,62,0,65,28.5,17.5,42,40.5,46,142,99,36,46,14,16
WSG84;48.93282234696109;2.3682218014684975,CRS3035RES1000mN2897000E3762000,CRS3035RES1000mN2897000E3762000,0,0,93066,864.5,293,95,83,60,34,73,14120356.2,17478,293,0,0,65,0,228,0,212,64.5,30,84,103,72,185,143,92,57,27,7
WSG84;48.933008459712504;2.370938720169666,CRS3035RES1000mN2897000E3763000,CRS3035RES1000mN2897000E3763000,0,0,93066,432.5,141,46,40,28,0,29,6821538.4,8610,141,0,0,141,0,0,0,141,30,11,37,64.5,32,77,72,54,44,9,2
WSG84;48.93319450645544;2.3736556575003127,CRS3035RES1000mN2897000E3763000,CRS3035RES1000mN2897000E3763000,1,0,93066,7,2.1,0.9,0.4,0.4,1.1,0.4,125455,146.5,0.9,1.2,1.1,0.2,0.2,0.6,0,0.2,0.2,0.1,0.6,0.8,0.8,1.4,1.6,0.6,0.7,0.2,0
WSG84;48.933380487189176;2.376372613454098,CRS3035RES1000mN2897000E3763000,CRS3035RES1000mN2897000E3763000,0,0,93066,203.5,70,12,19,12,47,6,4861203.4,5439,17,53,41,8,12,9,0,0,10,6,10,21.5,15,31,40,28,29,13,0
WSG84;48.933566401912955;2.379089588024682,CRS3035RES1000mN2897000E3763000,CRS3035RES1000mN2897000E3763000,0,0,93066,150.5,56,13,13,5,32,3,3208969.6,4007,14,42,28,17,3,7,1,0,6,3,7,7.5,11,32,29,25,20,10,0
WSG84;48.93293216545246;2.3434926560874576,CRS3035RES1000mN2898000E3761000,CRS3035RES1000mN2898000E3761000,1,0,93066,175.5,80.5,16.3,41.6,4.5,25.3,9,3624424.1,3460.2,79.6,0.9,5.4,1.8,34.4,38.9,0,34.4,11.3,6.3,8.6,15.4,15.4,62.4,40.7,9.1,5.4,0.9,0
WSG84;48.93311888001965;2.346209503560991,CRS3035RES1000mN2898000E3761000,CRS3035RES1000mN2898000E3761000,1,0,93066,8,3.7,0.7,1.9,0.2,1.2,0.4,165215.9,157.7,3.6,0.1,0.2,0.1,1.6,1.8,0,1.6,0.5,0.3,0.4,0.7,0.7,2.8,1.9,0.4,0.3,0,0
WSG84;48.93330552858224;2.3489263697236407,CRS3035RES1000mN2898000E3761000,CRS3035RES1000mN2898000E3761000,0,0,93066,695,287,61,99,31,158,31,15568194.2,18325,262,25,115,47,89,36,0,0,42,23,53,50,39,185,129,59,79,36,0
WSG84;48.933492111139515;2.351643254569065,CRS3035RES1000mN2898000E3761000,CRS3035RES1000mN2898000E3761000,0,0,93066,1039.5,434,107,158,36,106,76,21014583.4,24559,422,12,90,263,23,58,0,238,52.5,49,80.5,109.5,44,208,244,104,106,34,8
WSG84;48.93367862769073;2.354360158090933,CRS3035RES1000mN2898000E3761000,CRS3035RES1000mN2898000E3761000,0,0,93066,962.5,422,96,176,33,139,64,20259963.7,25248,414,8,213,4,77,125,3,118,63.5,25.5,57.5,64.5,74.5,252,197,98,94,27,9
WSG84;48.93386507823517;2.3570770802828966,CRS3035RES1000mN2898000E3762000,CRS3035RES1000mN2898000E3762000,0,0,93066,155.5,62,22,18,8,21,12,2837257.6,3322,60,2,44,1,0,17,0,18,10,2,13,10.5,14,46,34,9,13,4,0
WSG84;48.93405146277209;2.3597940211386303,CRS3035RES1000mN2898000E3762000,CRS3035RES1000mN2898000E3762000,0,0,93066,364,111,33,25,27,0,22,5784334.2,8897,110,1,1,0,109,0,1,109,17,15,37,45,35,67,65,51,24,8,0
WSG84;48.93423778130077;2.3625109806517823,CRS3035RES1000mN2898000E3762000,CRS3035RES1000mN2898000E3762000,0,0,93066,391.5,125,42,33,26,1,22,5943193.3,8675,125,0,0,0,125,0,0,124,19.5,10,24,41,46,69,81,49,31,6,15
WSG84;48.93442403382048;2.365227958816024,CRS3035RES1000mN2898000E3762000,CRS3035RES1000mN2898000E3762000,0,0,93066,115,56,18,24,3,24,7,2065171.5,2583,54,2,25,31,0,0,0,0,4,0,6,3,14,32,27,8,14,7,0
WSG84;48.934610220330484;2.367944955625009,CRS3035RES1000mN2898000E3762000,CRS3035RES1000mN2898000E3762000,0,0,93066,1627.5,534,230,155,102,230,66,23704680.1,26374,533,1,15,282,0,236,1,170,100.5,51,135.5,185,102.5,329,297,190,105,28,104
WSG84;48.93479634083005;2.370661971072401,CRS3035RES1000mN2898000E3763000,CRS3035RES200mN2898000E3763000,0,0,93066,523,180,40,46,29,0,41,8677295.2,10873,180,0,0,0,0,180,0,136,49,23,39.5,54.5,29,145,82,42,47,11,1
WSG84;48.934982395318464;2.3733790051518606,CRS3035RES1000mN2898000E3763000,CRS3035RES200mN2898000E3763200,0,0,93066,138,101,17,75,1,2,11,2742914.8,3000,99,2,36,0,65,0,0,34,6,1,8.5,3.5,2,55,14,9,19,20,0
WSG84;48.935168383794974;2.3760960578570445,CRS3035RES1000mN2898000E3763000,CRS3035RES200mN2898000E3763400,0,0,93066,227,67,18,16,17,43,8,4362987,5137,18,49,36,17,7,6,1,0,8,5,16,23,11,47,43,27,36,11,0
WSG84;48.93535430625888;2.3788131291816117,CRS3035RES1000mN2898000E3763000,CRS3035RES200mN2898000E3763600,0,0,93066,125.5,39,10,5,8,25,4,2786204.1,2694,9,30,26,4,5,4,0,0,4,3,7.5,14,11,23,20,21,15,7,0
WSG84;48.93471996673679;2.343214914313015,CRS3035RES1000mN2898000E3761000,CRS3035RES1000mN2898000E3761000,0,0,93066,557,199,40,56,33,21,30,10620571.6,12762,199,0,11,4,0,184,0,145,52,28,40,40,34,174,104,52,28,5,0
WSG84;48.93490668907694;2.3459318585180577,CRS3035RES1000mN2898000E3761000,CRS3035RES1000mN2898000E3761000,0,0,93066,581,277,112,155,36,37,18,9817231.2,9964,273,4,130,4,0,141,2,92,38.5,18.5,33,25,64,255,75,39,26,7,0
WSG84;48.93509334540983;2.3486488214148142,CRS3035RES1000mN2898000E3761000,CRS3035RES1000mN2898000E3761000,0,0,93066,1444.5,567,186,231,76,128,89,25077722.6,29894,557,10,209,2,52,304,0,269,94.5,45,142,146,84,353,315,151,81,18,15
WSG84;48.935279935734705;2.35136580299694,CRS3035RES1000mN2898000E3761000,CRS3035RES1000mN2898000E3761000,0,0,93066,613.5,306,114,150,20,93,31,11112458.3,13246,287,19,234,20,10,41,1,0,38,14,32,29.5,37,219,137,57,45,5,0
WSG84;48.93546646005086;2.354082803258099,CRS3035RES1000mN2898000E3761000,CRS3035RES1000mN2898000E3761000,0,0,93066,929,421,182,184,34,94,45,14834587.2,18351,418,3,321,17,20,62,1,8,62.5,38,47.5,66,76,289,193,78,69,10,0
WSG84;48.93565291835757;2.356799822191953,CRS3035RES1000mN2898000E3762000,CRS3035RES1000mN2898000E3762000,0,0,93066,340.5,159,49,75,13,57,21,6388157.8,8626,158,1,78,0,8,72,1,2,31.5,11.5,17.5,26,17,89,72,28,40,8,0
WSG84;48.93583931065407;2.3595168597921643,CRS3035RES1000mN2898000E3762000,CRS3035RES1000mN2898000E3762000,0,0,93066,1930,620,201,168,131,40,135,31567437.8,45295,620,0,0,0,423,188,9,553,114,48,191,268.5,144.5,347,389,216,151,32,29
WSG84;48.93602563693965;2.3622339160523893,CRS3035RES1000mN2898000E3762000,CRS3035RES1000mN2898000E3762000,0,0,93066,625,244,73,96,35,7,49,10471857.5,15226,244,0,16,0,227,1,0,227,26,18.5,43.5,86.5,41.5,99,129,70,72,38,1
WSG84;48.93621189721359;2.3649509909662925,CRS3035RES1000mN2898000E3762000,CRS3035RES1000mN2898000E3762000,0,0,93066,284,136,37,68,13,34,10,5448304.8,7795,95,41,0,0,49,87,0,85,18,5,9,11,36,98,41,25,37,4,0
WSG84;48.93639809147514;2.367668084527528,CRS3035RES1000mN2898000E3762000,CRS3035RES1000mN2898000E3762000,0,0,93066,887.5,293,74,85,63,105,33,16442847.4,19445,212,81,37,91,42,122,1,101,57,37,94,87,73.5,197,178,88,62,14,0
WSG84;48.93658421972359;2.3703851967297616,CRS3035RES1000mN2898000E3763000,CRS3035RES200mN2898200E3763000,0,0,93066,362,166,43,80,15,1,23,6444440.6,9629,165,1,13,153,0,0,0,153,15,8,19,40,24,63,83,53,43,14,0
WSG84;48.9367702819582;2.3731023275666465,CRS3035RES1000mN2898000E3763000,CRS3035RES200mN2898200E3763200,0,0,93066,1728.5,720,270,320,84,3,121,26187338,36278,719,1,379,339,0,0,2,714,116,45,145,188.5,94,302,376,194,184,76,8
WSG84;48.93695627817825;2.3758194770318464,CRS3035RES1000mN2898000E3763000,CRS3035RES200mN2898200E3763400,0,0,93066,177,65,12,18,12,46,6,3665897.4,4482,16,49,39,11,8,7,0,0,7,4,13,11,14,33,38,17,26,14,0
WSG84;48.93714220838298;2.3785366451190177,CRS3035RES1000mN2898000E3763000,CRS3035RES200mN2898200E3763600,0,0,93066,207.5,79,11,25,15,55,5,4833392.2,5660,40,39,18,26,30,2,3,1,10,2.5,12,14,17,47,34,33,28,10,0
WSG84;48.93650776579016;2.3429371472037674,CRS3035RES1000mN2898000E3761000,CRS3035RES1000mN2898000E3761000,0,0,93066,486.5,221,88,119,26,23,16,8499552.1,9433,221,0,0,0,0,219,2,168,48.5,22.5,32.5,33,71,199,62,10,8,0,0
WSG84;48.936694495904;2.3456541881489317,CRS3035RES1000mN2898000E3761000,CRS3035RES1000mN2898000E3761000,0,0,93066,1059,468,133,203,40,158,57,19306317.7,22888,456,12,279,8,0,180,1,85,84.5,40,88.5,66,48,329,226,103,51,14,9
WSG84;48.9368811600079;2.3483712477884082,CRS3035RES1000mN2898000E3761000,CRS3035RES1000mN2898000E3761000,0,0,93066,701,295,90,117,30,97,42,13061877,15304,288,7,182,33,0,80,0,60,63,24,43,55,39,211,159,48,46,13,0
WSG84;48.93706775810112;2.351088326115848,CRS3035RES1000mN2898000E3761000,CRS3035RES1000mN2898000E3761000,0,0,93066,886.5,398,109,181,35,130,46,16939734.9,20845,392,6,328,7,24,38,1,3,62,28.5,59.5,58.5,61,278,175,81,61,22,0
WSG84;48.93725429018294;2.353805423124915,CRS3035RES1000mN2898000E3761000,CRS3035RES1000mN2898000E3761000,0,0,93066,722.5,260,101,81,37,36,49,11774680.5,14495,252,8,144,2,76,38,0,69,58.5,23.5,69.5,60,43,187,147,73,51,9,1
WSG84;48.93744075625262;2.3565225388092705,CRS3035RES1000mN2898000E3762000,CRS3035RES1000mN2898000E3762000,0,0,93066,629.5,234,77,88,42,23,31,10400685.8,13278,234,0,76,16,126,16,0,125,55.5,22,44,57,42,162,117,59,47,13,11
WSG84;48.937627156309446;2.359239673162578,CRS3035RES1000mN2898000E3762000,CRS3035RES1000mN2898000E3762000,0,0,93066,1058.5,360,81,124,74,93,52,19217693,24437,357,3,75,0,5,280,0,210,62.5,44.5,102.5,123,87,205,202,130,76,26,0
WSG84;48.93781349035266;2.361956826178486,CRS3035RES1000mN2898000E3762000,CRS3035RES1000mN2898000E3762000,0,0,93066,478.5,184,32,75,22,90,20,9912320.6,11230,166,18,5,22,0,157,0,60,42,16,30.5,61,34,128,99,39,27,2,0
WSG84;48.93799975838155;2.3646739978506686,CRS3035RES1000mN2898000E3762000,CRS3035RES1000mN2898000E3762000,0,0,93066,155.5,72,1,31,3,64,6,4249721.6,4001,71,1,1,0,0,50,21,0,14,7,17,6.5,3,63,38,6,1,0,0
WSG84;48.93818596039538;2.3673911881727747,CRS3035RES1000mN2898000E3762000,CRS3035RES1000mN2898000E3762000,0,0,93066,122,50,18,21,4,4,10,1930891.6,2728,46,4,2,41,6,1,0,39,6,4,11,10,7,24,27,15,11,7,0
WSG84;48.93855816637497;2.3728256247413952,CRS3035RES1000mN2898000E3763000,CRS3035RES200mN2898400E3763200,0,0,93066,269,89,16,17,13,54,7,5202600.6,5804,26,63,57,12,11,6,3,0,12,3,10,27,23,33,73,36,43,9,0
WSG84;48.93874417033926;2.375542870975229,CRS3035RES1000mN2898000E3763000,CRS3035RES200mN2898400E3763400,0,0,93066,137,48,5,10,6,38,5,3223100,4029,5,43,20,9,16,3,0,0,5,4,5,8,9,24,26,19,28,9,0
WSG84;48.93893010828558;2.3782601358336195,CRS3035RES1000mN2898000E3763000,CRS3035RES200mN2898400E3763600,0,0,93066,279.5,94,20,16,17,73,5,6294525.1,7612,10,84,34,19,31,9,1,0,21,4,12,15.5,23,48,46,43,58,8,1
WSG84;48.939115980213195;2.3809774193102298,CRS3035RES1000mN2898000E3763000,CRS3035RES200mN2898400E3763800,0,0,93066,1483.5,440,181,119,111,16,90,21449442.2,29357,423,17,7,3,419,11,0,409,98.5,58,134.5,228,105,225.5,273,179,112,33,37
WSG84;48.93930178612138;2.38369472139871,CRS3035RES1000mN2898000E3764000,CRS3035RES2000mN2898000E3764000,0,0,9306693027,522.5,188,119,54,35,0,10,6421702,56491,187,1,0,41,146,0,1,187,25,20,40,65.5,21,57,81,46,136,16,15
WSG84;48.93829556261288;2.342659354756419,CRS3035RES1000mN2898000E3761000,CRS3035RES1000mN2898000E3761000,1,0,93066,5,2.3,0.5,1.2,0.1,0.7,0.3,103259.9,98.6,2.3,0,0.2,0,1,1.1,0,1,0.3,0.2,0.2,0.4,0.4,1.8,1.2,0.3,0.2,0,0
WSG84;48.93848230050114;2.3453764924503213,CRS3035RES1000mN2898000E3761000,CRS3035RES1000mN2898000E3761000,0,0,93066,1284.5,448,135,142,80,83,80,22710717.6,26146,445,3,137,4,82,225,0,224,90.5,45.5,98,140.5,92,321,253,147,81,16,0
WSG84;48.93866897237678;2.348093648841131,CRS3035RES1000mN2898000E3761000,CRS3035RES1000mN2898000E3761000,0,0,93066,839,371,109,148,33,148,53,16738257.7,18280,341,30,262,30,8,71,0,11,48.5,29,63,51,44.5,255,186,70,65,27,0
WSG84;48.93885557823906;2.350810823922498,CRS3035RES1000mN2898000E3761000,CRS3035RES1000mN2898000E3761000,0,0,93066,401.5,162,44,74,22,23,16,6919639,7536,153,9,118,1,10,32,1,42,32,11,25.5,28,23,107,90,48,23,7,7
WSG84;48.93904211808728;2.3535280176880917,CRS3035RES1000mN2898000E3761000,CRS3035RES1000mN2898000E3761000,0,0,93066,222.5,131,55,80,4,25,11,4230330,4886,131,0,34,0,0,96,1,57,12.5,5.5,7.5,11,36,70,40,23,9,8,0
WSG84;48.93922859192066;2.356245230131566,CRS3035RES1000mN2898000E3762000,CRS3035RES1000mN2898000E3762000,0,0,93066,2095,787,294,275,122,85,147,32803101.4,44256,787,0,85,345,315,37,5,578,113.5,81,160,264.5,120,400,428,247,219,62,0
WSG84;48.939414999738524;2.358962461246584,CRS3035RES1000mN2898000E3762000,CRS3035RES1000mN2898000E3762000,0,0,93066,580.5,221,66,72,30,18,43,10097384.7,13041,211,10,49,171,0,1,0,171,18,11.5,33,65,50,109,99,83,84,28,0
WSG84;48.939601341540104;2.3616797110267984,CRS3035RES1000mN2898000E3762000,CRS3035RES1000mN2898000E3762000,0,0,93066,138.5,58,7,21,6,27,10,3253778.2,4587,52,6,0,48,0,1,9,0,4,5,14.5,8,9,30,29,22,11,6,0
WSG84;48.939787617324676;2.3643969794658717,CRS3035RES1000mN2898000E3762000,CRS3035RES1000mN2898000E3762000,0,0,93066,815.5,319,75,106,38,7,79,15008793.3,20232,316,3,0,276,43,0,0,108,54,24,66.5,92,66,125,181,109,73,23,2
WSG84;48.939973827091514;2.3671142665574623,CRS3035RES1000mN2898000E3762000,CRS3035RES1000mN2898000E3762000,0,0,93066,336,124,23,38,16,0,22,5990306.3,7060,124,0,0,124,0,0,0,0,25,16,29.5,23.5,21,78,49,43,38,13,0
WSG84;48.94015997083991;2.36983157229523,CRS3035RES1000mN2898000E3763000,CRS3035RES200mN2898600E3763000,0,0,93066,546.5,200,57,71,32,40,32,10125073,12252,172,28,47,11,0,142,0,123,42,13.5,48.5,63.5,31,119,97,60,60,11,1
WSG84;48.9403460485691;2.372548896672827,CRS3035RES1000mN2898000E3763000,CRS3035RES200mN2898600E3763200,0,0,93066,545,201,55,67,28,98,24,10627991.5,12473,96,105,132,15,34,19,1,0,34,16,34,44.5,44.5,126,93,64,76,13,0
WSG84;48.94053206027836;2.375266239683914,CRS3035RES1000mN2898000E3763000,CRS3035RES200mN2898600E3763400,0,0,93066,322.5,112,22,28,17,80,13,6910205,8496,24,88,47,27,13,25,0,0,13,15,25,22.5,17,59,75,39,44,13,0
WSG84;48.94071800596697;2.3779836013221454,CRS3035RES1000mN2898000E3763000,CRS3035RES200mN2898600E3763600,0,0,93066,232,73,20,17,20,17,13,4018439.6,5979,60,13,10,49,11,3,0,48,12,9,21,33,19,45,37,19,27,10,0
WSG84;48.94090388563421;2.3807009815811817,CRS3035RES1000mN2898000E3763000,CRS3035RES200mN2898600E3763800,0,0,93066,743.5,230,73,52,55,0,58,11030104,14707,230,0,0,159,0,71,0,230,67.5,31,76.5,91.5,38,154,145,66,40,14,20
WSG84;48.94108969927934;2.383418380454674,CRS3035RES1000mN2898000E3764000,CRS3035RES2000mN2898000E3764000,0,0,93066,801.5,295,97,108,39,0,65,12551592.8,15272,295,0,0,255,40,0,0,249,90,43.5,76.5,62.5,31,174,130,71,78,31,14
WSG84;48.941275446901635;2.3861357979362747,CRS3035RES1000mN2898000E3764000,CRS3035RES2000mN2898000E3764000,0,0,9306693027,456.5,115,45,11,39,0,31,7355981,8551,115,0,0,115,0,0,0,115,28.5,10.5,51,82.5,42,63,86,55,26,4,8
WSG84;48.94008335720525;2.3423815369676806,CRS3035RES1000mN2898000E3761000,CRS3035RES1000mN2898000E3761000,1,0,93066,5.5,2.5,0.5,1.3,0.1,0.8,0.3,113585.9,108.4,2.5,0,0.2,0,1.1,1.2,0,1.1,0.3,0.2,0.3,0.5,0.5,1.9,1.3,0.3,0.2,0,0
WSG84;48.94027010286864;2.3450987714189346,CRS3035RES1000mN2898000E3761000,CRS3035RES1000mN2898000E3761000,0,0,93066,658,277,99,106,29,0,54,10335614.1,13721,277,0,0,276,0,0,1,276,58.5,24,46,49.5,32,125,125,89,77,32,0
WSG84;48.94045678251677;2.347816024569694,CRS3035RES1000mN2898000E3761000,CRS3035RES1000mN2898000E3761000,0,0,93066,288.5,124,19,44,11,89,21,6750316.1,8613,124,0,0,123,1,0,0,0,16,6.5,16,29,17,60,54,39,36,15,0
WSG84;48.94064339614885;2.350533296413607,CRS3035RES1000mN2898000E3761000,CRS3035RES1000mN2898000E3761000,0,0,93066,1186,542,127,239,41,235,63,23217107.4,33876,542,0,31,30,472,9,0,177,62,32,54.5,101.5,73,209,242,139,209,58,6
WSG84;48.94082994376418;2.3532505869443394,CRS3035RES1000mN2898000E3761000,CRS3035RES1000mN2898000E3761000,0,0,93066,475.5,175,52,73,25,11,33,8156803.2,9897,171,4,23,0,122,30,0,152,33,7.5,42.5,44.5,44,86,90,51,56,21,0
WSG84;48.94101642536202;2.355967896155551,CRS3035RES1000mN2898000E3762000,CRS3035RES1000mN2898000E3762000,0,0,93066,1321,606,134,251,54,217,90,25287829,35255,605,1,69,354,171,12,0,251,67.5,35.5,79.5,86.5,98,293,250,146,188,76,1
WSG84;48.941202840941635;2.358685224040896,CRS3035RES1000mN2898000E3762000,CRS3035RES1000mN2898000E3762000,1,0,93066,14,6.2,0.9,1.9,0.3,3.1,0.6,356713.2,521.7,2.8,3.4,1.8,1.9,2.2,0.3,0,0,0.3,0.6,0,0.3,0.9,4.1,1,3.4,3.1,0.3,0
WSG84;48.94157547404329;2.3641199358086213,CRS3035RES1000mN2898000E3762000,CRS3035RES1000mN2898000E3762000,1,0,93066,31,13.8,2.1,4.1,0.7,6.9,1.4,789865,1155.3,6.2,7.6,4.1,4.2,4.8,0.7,0,0,0.7,1.4,0,0.7,2,8.9,2.1,7.6,6.9,0.7,0
WSG84;48.94176169156387;2.3668373196783157,CRS3035RES1000mN2898000E3762000,CRS3035RES1000mN2898000E3762000,0,0,93066,205.5,78,11,21,9,53,10,4838738.7,5994,18,60,18,16,29,15,0,0,6,6,8,21.5,9,42,46,26,35,6,0
WSG84;48.9419478430633;2.369554722196778,CRS3035RES1000mN2898000E3763000,CRS3035RES200mN2898800E3763000,0,0,93066,484.5,171,51,47,32,96,23,9458901.2,11744,42,129,127,8,21,15,0,12,23,15,29,50.5,37,100,96,67,52,15,0
WSG84;48.94213392854087;2.3722721433576615,CRS3035RES1000mN2898000E3763000,CRS3035RES200mN2898800E3763200,0,0,93066,369,131,38,51,23,43,14,6660871,7975,104,27,43,7,48,33,0,39,25,13,28,49,22,80,70,36,33,6,7
WSG84;48.94231994799583;2.3749895831546195,CRS3035RES1000mN2898000E3763000,CRS3035RES200mN2898800E3763400,0,0,93066,344,129,34,42,20,83,14,7401884.1,8243,32,97,79,12,12,25,1,0,11,6,15.5,25.5,32,68,76,38,43,29,0
WSG84;48.942505901427474;2.3777070415813135,CRS3035RES1000mN2898000E3763000,CRS3035RES200mN2898800E3763600,0,0,93066,747,260,72,83,49,40,45,12498407.4,19116,216,44,21,27,198,14,0,208,28,24,61.5,94.5,49,116,138,100,87,33,16
WSG84;48.94269178883506;2.3804245186313957,CRS3035RES1000mN2898000E3763000,CRS3035RES200mN2898800E3763800,0,0,9306693072,1069.5,374,125,103,65,17,88,16323865.2,23825,351,23,13,155,194,12,0,345,78,48,97.5,130,76,203,210,109,93,22,3
WSG84;48.94287761021786;2.383142014298521,CRS3035RES1000mN2898000E3764000,CRS3035RES2000mN2898000E3764000,0,0,9307293066,424,130,42,32,30,2,27,6798944.2,8419,126,4,1,126,0,3,0,126,31,20.5,39.5,57,22,88,75,46,36,8,1
WSG84;48.94306336557514;2.3858595285763435,CRS3035RES1000mN2898000E3764000,CRS3035RES2000mN2898000E3764000,0,0,9306693072,222.5,62,15,8,18,3,15,3784922.2,4257,59,3,1,57,0,4,0,55,14.5,6,23,40,18,37,43,17,18,6,0
WSG84;48.94168433011105;2.339386381325471,CRS3035RES1000mN2899000E3760000,CRS3035RES1000mN2899000E3760000,1,0,9306693031,6,2.8,0.4,1,0.2,0.4,0.2,163020.1,173.4,1.6,1.2,0.4,0.2,1.2,0.8,0.2,0,0.2,0,0,0.4,1,0.6,0.8,1.8,1.2,0,0
WSG84;48.94187114956757;2.342103693834259,CRS3035RES1000mN2899000E3761000,CRS3035RES1000mN2899000E3761000,1,0,93066,2,0.7,0.1,0.1,0.2,0.4,0.1,40680.9,50,0.3,0.4,0.2,0.4,0,0.1,0,0,0.2,0,0.1,0.2,0.1,0.5,0.3,0.3,0.3,0,0
WSG84;48.94224459042818;2.347538374970805,CRS3035RES1000mN2899000E3761000,CRS3035RES1000mN2899000E3761000,0,0,93066,462,167,42,52,27,127,15,8501204.6,12721,167,0,0,0,167,0,0,0,15,16,27.5,61.5,37,86,99,51,48,21,0
WSG84;48.9424312118308;2.3502557435858833,CRS3035RES1000mN2899000E3761000,CRS3035RES1000mN2899000E3761000,0,0,93066,1761,619,177,168,95,174,112,30347855.8,42981,619,0,0,0,524,95,0,367,126,67,150.5,172.5,128,329,318,205,204,51,10
WSG84;48.94261776721397;2.352973130890375,CRS3035RES1000mN2899000E3761000,CRS3035RES1000mN2899000E3761000,0,0,93066,798.5,248,60,57,47,38,46,14521062.7,16988,201,47,47,0,201,0,0,201,53.5,27,80,86.5,65.5,166,159,89,55,10,7
WSG84;48.94280425657698;2.3556905368779346,CRS3035RES1000mN2899000E3762000,CRS3035RES1000mN2899000E3762000,0,0,93066,640.5,257,66,97,31,7,39,11599432.1,13900,257,0,16,58,56,127,0,57,56,23,52.5,64,49.5,186.5,120,46,34,8,1
WSG84;48.942990679919106;2.35840796154223,CRS3035RES1000mN2899000E3762000,CRS3035RES1000mN2899000E3762000,0,0,93066,437,186,50,73,25,0,42,7359793.6,11258,186,0,0,183,3,0,0,183,19,10,31.5,43.5,34,56,91,65,64,23,0
WSG84;48.94336332853769;2.3638428668756317,CRS3035RES1000mN2899000E3762000,CRS3035RES1000mN2899000E3762000,0,0,93066,55,25,8,10,3,13,2,1176895.2,2264,6,19,0,12,7,6,0,4,0,0,1,4,6,12,9,9,11,3,0
WSG84;48.94354955381274;2.3665603475320527,CRS3035RES1000mN2899000E3762000,CRS3035RES1000mN2899000E3762000,0,0,93066,293.5,96,19,28,22,73,5,6453397.2,6960,13,83,65,11,7,13,0,0,14,12,11,27.5,25,63,47,39,37,18,0
WSG84;48.943735713063965;2.3692778468398266,CRS3035RES1000mN2899000E3763000,CRS3035RES1000mN2899000E3763000,0,0,93066,860,286,106,83,55,20,66,13459839.9,18112,241,45,22,4,185,75,0,252,53,26,72,99,55,169,161,85,97,27,16
WSG84;48.94392180629063;2.371995364792615,CRS3035RES1000mN2899000E3763000,CRS3035RES1000mN2899000E3763000,0,0,93066,673,261,69,88,34,148,41,11986212.3,16451,246,15,10,179,2,70,0,29,39,21,51.5,65.5,58,143,115,82,60,38,0
WSG84;48.94410783349202;2.3747129013840707,CRS3035RES1000mN2899000E3763000,CRS3035RES1000mN2899000E3763000,0,0,9306693072,260.5,98,20,42,21,56,6,5025319.2,6979,29,69,66,7,12,13,0,0,14,4,10.5,20,34,55,62,21,29,11,0
WSG84;48.94429379466741;2.3774304566078457,CRS3035RES1000mN2899000E3763000,CRS3035RES1000mN2899000E3763000,0,0,9307293066,316.5,97,19,19,19,85,8,6097634.7,8735,0,97,4,2,90,1,0,0,11,6,20,29.5,31,63,51,45,49,10,1
WSG84;48.94365893970021;2.3418258253528603,CRS3035RES1000mN2899000E3761000,CRS3035RES1000mN2899000E3761000,0,0,93066,43,11,3,0,3,0,0,747411.7,688,11,0,0,11,0,0,0,0,10,1,3,1,3,17,6,2,0,0,0
WSG84;48.944032396111346;2.347260700041177,CRS3035RES1000mN2899000E3761000,CRS3035RES1000mN2899000E3761000,0,0,93066,1892.5,665,223,192,113,0,155,28980141.6,43283,665,0,0,323,342,0,0,665,107,51,156,241.5,128,326,339,235,221,69,19
WSG84;48.9442190252852;2.3499781654360326,CRS3035RES1000mN2899000E3761000,CRS3035RES1000mN2899000E3761000,0,0,93066,783,281,101,95,41,0,64,11653336.8,15767,281,0,0,281,0,0,0,281,44.5,21,70.5,95,55,127,157,99,70,35,9
WSG84;48.94440558843695;2.352695649522901,CRS3035RES1000mN2899000E3761000,CRS3035RES1000mN2899000E3761000,0,0,93066,162,73,22,28,6,0,10,2563927.8,3677,73,0,0,73,0,0,0,73,18,2,10,6,6,33,22,23,24,18,0
WSG84;48.944592085565866;2.3554131522954376,CRS3035RES1000mN2899000E3762000,CRS3035RES1000mN2899000E3762000,1,0,93066,2,0.5,0.1,0,0.2,0.2,0,31049.9,42.6,0.1,0.4,0.3,0,0,0.2,0,0,0.1,0.1,0.2,0.1,0.1,0.5,0.5,0.2,0.2,0,0
WSG84;48.94515118080822;2.3635657726636126,CRS3035RES1000mN2899000E3762000,CRS3035RES1000mN2899000E3762000,0,0,9306693059,807,318,118,126,49,0,62,12797290.2,19638,318,0,0,0,294,24,0,312,27.5,25,52,88,79.5,138,153,104,103,29,8
WSG84;48.94533741383845;2.366283350115381,CRS3035RES1000mN2899000E3762000,CRS3035RES1000mN2899000E3762000,0,0,93066,248,88,32,28,16,1,19,3794191.1,5442,88,0,87,0,0,1,0,87,14,9,31,28,15,39,39,40,25,8,0
WSG84;48.94552358084217;2.369000946221094,CRS3035RES1000mN2899000E3763000,CRS3035RES1000mN2899000E3763000,0,0,930669305993072,2631,819,345,205,186,40,134,36768377.1,121083,817,2,16,0,756,47,0,756,136.5,97.5,282,340,150,330,518,302,230,37,208
WSG84;48.94570968181867;2.371718560974409,CRS3035RES1000mN2899000E3763000,CRS3035RES1000mN2899000E3763000,1,0,9306693072,38,15.2,5.7,5.7,1.9,0,0,499324.2,699.2,14.2,1,13.3,1.9,0,0,0,8.5,1.9,1.9,4.8,1.9,3.8,9.5,8.5,1.9,2.8,1,0
WSG84;48.94589571676722;2.3744361943689807,CRS3035RES1000mN2899000E3763000,CRS3035RES1000mN2899000E3763000,0,0,9307293066,33,32,23,31,0,0,1,371177.9,624,32,0,2,0,0,30,0,30,0,0,1,0,19,12,1,0,0,0,0
WSG84;48.9471961125631;2.3934601495530434,CRS3035RES1000mN2899000E3764000,CRS3035RES2000mN2898000E3764000,0,0,9306693072,391.5,148,13,52,21,123,18,8421281.1,9268,148,0,0,0,0,148,0,0,52,27.5,38,27,17,155,61,8,4,2,0
WSG84;48.94563349659666;2.3442654562952048,CRS3035RES1000mN2899000E3761000,CRS3035RES1000mN2899000E3761000,1,0,930319307993066,32,10.5,2,1.6,2.8,5.6,2,650894,799.8,4,6.5,2.8,6.5,0,1.2,0,0,2.8,0.8,1.6,3.4,1.6,7.7,5.3,4,4,0.8,0
WSG84;48.945820199566555;2.3469829997775133,CRS3035RES1000mN2899000E3761000,CRS3035RES1000mN2899000E3761000,0,0,9306693079,405,153,56,55,25,1,36,5784089.3,8174,150,3,3,92,0,58,0,151,30,14,41,49.5,26.5,71,77,41,38,16,1
WSG84;48.94600683651241;2.349700561960771,CRS3035RES1000mN2899000E3761000,CRS3035RES1000mN2899000E3761000,1,0,93066,15.5,5.1,1,0.8,1.4,2.7,1,315276.8,387.4,2,3.1,1.4,3.1,0,0.6,0,0,1.4,0.4,0.8,1.7,0.8,3.7,2.5,1.9,1.9,0.4,0
WSG84;48.946379912329;2.3551357424047663,CRS3035RES1000mN2899000E3762000,CRS3035RES1000mN2899000E3762000,1,0,93066,5,1.3,0.4,0.1,0.4,0.6,0.1,77624.6,106.4,0.4,0.9,0.8,0,0.1,0.4,0,0,0.3,0.1,0.6,0.3,0.4,1.1,1.1,0.6,0.4,0.1,0
WSG84;48.94656635119827;2.3578533606528143,CRS3035RES1000mN2899000E3762000,CRS3035RES1000mN2899000E3762000,0,0,9306693059,1193.5,395,142,115,84,17,69,18985201.8,25529,369,26,20,130,90,153,2,206,67.5,31,107.5,138.5,83,223,248,132,127,27,9
WSG84;48.94675272404057;2.360570997576434,CRS3035RES1000mN2899000E3762000,CRS3035RES1000mN2899000E3762000,0,0,9305993066,476,152,37,43,36,23,25,8660563.8,9687,121,31,37,0,109,4,2,108,27,11.5,28,46.5,31,108,80,70,47,20,7
WSG84;48.94693903085516;2.363288653169288,CRS3035RES1000mN2899000E3762000,CRS3035RES1000mN2899000E3762000,1,0,9305993066,11,2.8,0.8,0.2,0.9,1.2,0.1,170774.2,234.1,0.8,2,1.7,0.1,0.2,0.8,0,0,0.6,0.3,1.2,0.7,0.8,2.5,2.5,1.3,0.9,0.2,0
WSG84;48.94731144639827;2.368724020337298,CRS3035RES1000mN2899000E3763000,CRS3035RES1000mN2899000E3763000,0,0,930599307293066,80,28,13,6,5,0,10,1223815.5,1762,28,0,0,0,0,28,0,28,12,5,10,6,7,28,6,4,2,0,0
WSG84;48.94779464551271;2.3494229331568035,CRS3035RES1000mN2899000E3761000,CRS3035RES1000mN2899000E3761000,0,0,9306693079,982.5,365,115,131,55,0,79,15535667.3,20631,365,0,0,311,0,54,0,365,52,32,91.5,121,67,152,191,120,112,33,11
WSG84;48.94798122420378;2.352140610834289,CRS3035RES1000mN2899000E3761000,CRS3035RES1000mN2899000E3761000,0,0,93066,922.5,304,78,83,69,6,67,15921649.5,24594,297,7,0,0,0,296,8,296,50,27,79.5,147.5,65.5,166,194,92,74,27,0
WSG84;48.94816773686668;2.3548583072026315,CRS3035RES1000mN2899000E3762000,CRS3035RES1000mN2899000E3762000,0,0,9306693059,425.5,169,61,65,22,68,17,7687530.5,9646,122,47,28,49,3,89,0,67,16.5,5,39,42,61,80,77,41,49,15,0
WSG84;48.948354183500626;2.3575760222554907,CRS3035RES1000mN2899000E3762000,CRS3035RES1000mN2899000E3762000,0,0,9305993066,673,209,82,50,46,116,21,11214088.3,11686,60,149,197,3,7,1,1,0,45,13,55.5,62.5,49,140,133,73,63,31,8
WSG84;48.94976903874824;2.351863053506567,CRS3035RES1000mN2899000E3761000,CRS3035RES1000mN2899000E3761000,0,0,930599306693079,495,190,74,71,26,1,47,7185752.8,10440,190,0,0,189,0,0,1,188,30,19,52,55.5,18.5,92,103,47,49,12,17
WSG84;48.94995555917923;2.3545808466857476,CRS3035RES1000mN2899000E3762000,CRS3035RES1000mN2899000E3762000,0,0,9306693059,593,202,34,60,38,157,21,12465133.6,15171,181,21,12,7,73,110,0,0,41.5,20,63,63,31.5,158,113,45,43,15,0
